"id","name"
1299,"Andonova Liliana"
1300,"Dimitris Kiritsis"
1301,"Keplinger Tobias"
1302,"Schnyder Marc"
1303,"Ulrich Yuko"
1304,"Abbaspour Karim"
1305,"Abdulle Assyr"
1306,"Aberer Karl"
1307,"Abhari Reza"
1308,"Abiven Samuel"
1309,"Acebillo Josep"
1310,"Achermann Peter"
1311,"Ackermann Martin"
1312,"Adatte Thierry"
1313,"Adlhart Christian"
1314,"Afjei Thomas"
1315,"Agrawal Kumar Varoon"
1316,"Ahamed Rasha"
1317,"Albert Carlo"
1318,"Alberton Siegfried"
1319,"Alewell Christine"
1320,"Allan Eric"
1321,"Altermatt Florian"
1322,"Alvarez Nadir"
1323,"Ambrosi Christian"
1325,"Ammann Markus"
1326,"Anastasopoulos Ioannis"
1327,"Anastassova Zoya"
1328,"Ancey Christophe"
1330,"Angélil Marc"
1331,"Anken Thomas"
1332,"Anquetin Jérémy"
1333,"Anselmetti Flavio"
1334,"Antognini Marco"
1335,"Arcand Jean-Louis"
1338,"Ariztegui Daniel"
1339,"Arlettaz Raphaël"
1341,"Arnsperger Christian"
1342,"Arraigada Martin"
1344,"Audard Marc"
1345,"Axhausen Kay W."
1346,"Bacchetta Philippe"
1347,"Bacher Sven"
1348,"Bachmann Eduard"
1349,"Bachmann Olivier"
1350,"Badache Fanny"
1351,"Bader Hans-Peter"
1352,"Badoux Alexandre"
1353,"Baier Urs"
1354,"Bailat Claude"
1355,"Balanche Robert"
1356,"Baldini Luca"
1357,"Ballif Christophe"
1358,"Balmer Marianne"
1359,"Balser Eva Maria"
1360,"Balsiger Béatrice"
1361,"Baltensweiler Andri"
1362,"Bandi Monika"
1363,"Baranzini Andrea"
1364,"Baroffio Catherine"
1365,"Barras Vincent"
1366,"Barry Andrew"
1368,"Barth Martin"
1369,"Bascompte Jordi"
1371,"Battaglia Corsin"
1372,"Bättig Daniel"
1373,"Baudouï Rémi"
1374,"Bauer Georg"
1375,"Baumberger Roland"
1376,"Baumgartner Peter"
1377,"Baur Bruno"
1378,"Baur Priska"
1379,"Bebi Peter"
1380,"Becker Damien"
1381,"Beer Bettina"
1382,"Behra Renata"
1384,"Bellucci Sergio"
1385,"Beltrami Ivano"
1386,"Benenson Yaakov"
1387,"Berg Michael"
1388,"Bergamini Ariel"
1389,"Bergmann Manfred Max"
1390,"Bernasconi Andrea"
1391,"Bernasconi Marco"
1392,"Bernasconi Stefano"
1393,"Bernasconi-Green Gretchen"
1394,"Bernauer Thomas"
1395,"Berndt Christian"
1396,"Berne Alexis"
1397,"Bernier-Latmani Rizlan"
1398,"Berrut Jean-Paul"
1399,"Bersier Louis-Félix"
1400,"Bertsch Stefan"
1401,"Besse Marie"
1402,"Bianchi Christophe"
1403,"Bichsel Christine"
1404,"Bickel Regula"
1405,"Bierlaire Michel"
1406,"Bierter Willy"
1407,"Biollaz Serge"
1408,"Blanckenhorn Wolf"
1409,"Blaser Jürgen"
1410,"Blättler Dominic"
1411,"Blechschmidt Ingo"
1412,"Bochet Christian"
1413,"Boeni Heinz"
1414,"Boes Robert Michael"
1415,"Boghossian Ardemis"
1416,"Bogner Daniel"
1417,"Böhler Marc"
1419,"Boisvert Valérie"
1420,"Boivin Pascal"
1421,"Bolch Tobias"
1424,"Bollmann Kurt"
1425,"Caricchi Luca"
1426,"Bonadonna Costanza"
1427,"Bonhoeffer Sebastian"
1428,"Bonmarin Mathias"
1429,"Boos Jürg"
1430,"Borel Gilles"
1431,"Borer Matthias"
1432,"Borghi Marco"
1433,"Borkovec Michal"
1434,"Borth Joachim"
1435,"Boulouchos Konstantinos"
1436,"Bourg Dominique"
1437,"Bouvier Anne-Sophie"
1438,"Bovet Stéphane"
1439,"Brack Florian"
1441,"Brändli Urs Beat"
1442,"Braun Artur"
1443,"Braun Sabine"
1444,"Breitenmoser Christine"
1445,"Breitenmoser Urs"
1446,"Brenneisen Stephan"
1447,"Bretschger Lucas"
1448,"Breu Thomas"
1449,"Brigitte Mauch-Mani"
1450,"Brockmann Elmar"
1451,"Brodersen Jakob"
1452,"Brombach Christine"
1453,"Brönnimann Stefan"
1455,"Brouwer Roy"
1456,"Brückmann Maja"
1457,"Brühwiler Eugen"
1458,"Bründl Michael"
1459,"Brunner Dominik"
1460,"Brunner Ivano"
1461,"Brunner Philippe"
1462,"Bshary Redouan"
1463,"Bucheli Thomas"
1464,"Bucher Hugo"
1465,"Buchmann Nina"
1466,"Bueno Celia"
1467,"Buergmann Helmut"
1468,"Bugmann Harald"
1469,"Buller Rebecca"
1470,"Bullinger Géraldine"
1471,"Bunge Rainer"
1472,"Bünter Markus"
1473,"Buonsanti Raffaella"
1474,"Burg Jean-Pierre"
1475,"Burgeois Nancy"
1476,"Burger Paul"
1477,"Burgert Ingo"
1478,"Burgherr Peter"
1479,"Burkard Philipp"
1480,"Burkhardt Michael"
1481,"Burlando Paolo"
1482,"Burtscher Heinz"
1483,"Bütler Thomas"
1484,"Buttler Alexandre"
1485,"Caccia Fulvio"
1486,"Cadisch Marc"
1487,"Cadoni Ezio"
1488,"Camponovo Reto"
1489,"Cannata Massimiliano"
1490,"Cannelle Bertrand"
1491,"Carabias-Hütter Vincente"
1492,"Cardo Nicholas"
1493,"Carlen Christophe"
1494,"Carmeliet Jan"
1495,"Carraz René"
1496,"Castella Emmanuel"
1497,"Castelltort Sébastien"
1498,"Cattanéo Franck"
1499,"Cellina Francesca"
1500,"Cereghetti Neiro"
1501,"Chapuisat Michel"
1502,"Charbonnel Corinne"
1503,"Charrière Jean-Daniel"
1504,"Chenal Jérôme"
1505,"Cherix Daniel"
1506,"Chèvre Nathalie"
1507,"Chiaradia Massimo"
1508,"Chopard Bastien"
1509,"Christe Philippe"
1510,"Christen Danilo"
1511,"Christiaanse Kees"
1512,"Christian Parisod"
1513,"Churakov Sergey"
1514,"Baeyens Bart"
1515,"Cissé Guéladio"
1516,"Citherlet Stéphane"
1517,"Clerc Philippe"
1519,"Clot Bernard"
1520,"Collet Claude"
1521,"Comment Gaël"
1522,"Conedera Marco"
1523,"Connolly James"
1524,"Consuegra David"
1525,"Conti Elena"
1526,"Corman Francesco"
1527,"Corvini Philippe"
1528,"Cramer Nicolai"
1529,"Czerwinski Jan"
1530,"da Cunha Antonio"
1531,"Dach Rolf"
1532,"Damet Jérome"
1533,"Dang Vinh"
1534,"Daniel Croll"
1535,"Daniel Otto"
1536,"Danner Elisabeth"
1537,"Dao Hy"
1538,"Davison Anthony Christopher"
1539,"de Alencastro Luiz Felippe"
1540,"De Capitani Christian"
1541,"De Moraes Consuelo"
1542,"de Rooij Nico"
1543,"Debarbieux Bernard"
1544,"Delaloye Reynald"
1545,"Demuth Caspar"
1546,"Dessimoz Christophe"
1547,"Deuber Andreas"
1548,"Devaux Baudraz Mylène"
1549,"Diamond Larryn W."
1550,"Didier Schaefer"
1551,"Diekmann Andreas"
1552,"Dietz Dieter"
1553,"Dimopoulos Panayotis"
1554,"Dommen Josef"
1555,"Dorer Viktor"
1556,"Dorren Luuk"
1557,"Dreisner Thomas"
1558,"Dressel Holger"
1559,"Drilling Matthias"
1560,"Drissner David"
1561,"Dubey Jacques"
1562,"Dubois Nathalie"
1563,"Dudle Gregor"
1564,"Dumont André-Gilles"
1565,"Dürrenberger Gregor"
1566,"Durrer Ruth"
1567,"Durrer Eggerschwiler Beatrice"
1569,"Dyllick Thomas"
1570,"Eggenberg Stefan"
1571,"Egger Matthias"
1572,"Egger Urs"
1573,"Egli Marcel"
1574,"Egli Markus"
1575,"Egli Simon"
1576,"Eglinton Timothy Ian"
1577,"Egolf Peter"
1578,"Eibl Dieter"
1579,"Eichenberger Reiner"
1581,"Epard Jean-Luc"
1582,"Epiney Astrid"
1583,"Eppler Martin J."
1584,"Erb Matthias"
1585,"Erica van de Waal"
1586,"Erkman Suren"
1587,"Eschmann Mick"
1588,"Etienne Cabane"
1589,"Excoffier Laurent"
1590,"Eyer Laurent"
1591,"Fabrice Helfenstein"
1592,"Fabrikant Sara I."
1593,"Falquet Gilles"
1594,"Fankhauser Christian"
1595,"Farine Pierre-Andre"
1596,"Farmer Edward E."
1597,"Farsi Mehdi"
1598,"Fath Isabelle"
1599,"Favre Anne-Christine"
1600,"Favre Boivin Fabienne"
1601,"Félix Christian"
1602,"Fenicia Fabrizio"
1603,"Fenner Kathrin"
1604,"Fent Karl"
1605,"Feulner Philine"
1606,"Fierz Charles"
1607,"Filippini Massimo"
1608,"Finger Matthias"
1609,"Finger Robert"
1610,"Finke Peter"
1611,"Finsterle Wolfgang"
1612,"Fischer Hubertus"
1613,"Fischer Markus"
1614,"Fischlin Andreas"
1616,"Flatt Thomas"
1617,"Fleisch Elgar"
1618,"Fliessbach Andreas"
1619,"Flückiger Walter"
1620,"Flury Christine"
1621,"Föllmi Karl"
1622,"Föllmi Reto"
1623,"Fontboté Lluís"
1624,"Forster Stefan"
1625,"Forte Olaf"
1626,"Fouad Rahali"
1627,"Foubert Anneleen"
1628,"Fragnière Eric"
1630,"Franck Christian M."
1631,"Frank Paul"
1632,"Franz Leander"
1633,"Frei Reto"
1634,"Frey Beat"
1635,"Frey Jürg Ernst"
1636,"Fröhlich Klaus"
1637,"Froidevaux Pascal"
1638,"Frontini Francesco"
1639,"Frossard Emmanuel"
1640,"Frossard Pierre-André"
1641,"Fumagalli Luca"
1642,"Fumey Benjamin"
1643,"Gabriel Jean-Pierre"
1644,"Gaillard Gérard"
1645,"Gambardella Luca Maria"
1646,"Garcia Glaude"
1647,"Garcia Hernandez Javier"
1648,"Gargiani Roberto"
1649,"Gasche-Soccal Paola"
1650,"Gass Volker"
1651,"Gasser Markus"
1652,"Gattinger Andreas"
1653,"Geiger Alain"
1654,"Geiger Thomas"
1655,"Geiser Marianne"
1656,"Geiser Thomas"
1657,"Geissler Achim"
1658,"Geldner Niko"
1659,"Gerber Jean-David"
1660,"Gerber Matthias"
1661,"Germann Urs"
1662,"Geroliminis Nikolas"
1663,"Gersbach Hans"
1664,"Gerya Taras"
1665,"Gessler Arthur"
1666,"Ghazoul Jaboury"
1667,"Gheller Claudio"
1668,"Giardini Domenico"
1669,"Giauque David"
1670,"Gilli Céline"
1671,"Ginalski Stéphanie"
1672,"Gindro Katia"
1673,"Ginzler Christian"
1674,"Giordano Christian"
1675,"Giorgetti Fanscini Pia"
1676,"Girault Hubert"
1677,"Girot Christophe"
1679,"Gnansounou Edgard"
1680,"Golay François"
1681,"Goldschmidt-Clermont Michel"
1682,"Goloubinoff Pierre"
1683,"Gonseth Yves"
1685,"Gorini Stefano"
1687,"Gossweiler Jean-Luc"
1688,"Goudet Jérôme"
1689,"Graefe Olivier"
1690,"Graetzel Michael"
1691,"Graf Andrea"
1692,"Graf Franz"
1693,"Graf Kurt"
1694,"Graf Roland Felix"
1695,"Grenz Jan"
1696,"Grether Jean-Marie"
1697,"Grêt-Regamey Adrienne"
1698,"Griffel Alain"
1699,"Griffin Timothy"
1700,"Grobéty Bernard"
1701,"Kazadzis Stelios"
1702,"Groebner Julian"
1703,"Grosjean Martin"
1704,"Gruber Nicolas"
1705,"Gruissem Wilhelm"
1706,"Grunder Jürg"
1708,"Grüter Frank Estelle
Estelle"
1709,"Guelat Jean-Christophe"
1710,"Guerin Patrick"
1711,"Gugerli David"
1712,"Gugerli Künzle Felix"
1713,"Gugger Harry"
1714,"Guillaume Frédéric"
1715,"Guisan Antoine"
1716,"Gunter Stephan"
1717,"Gyalog Tibor"
1718,"Gysel Martin"
1719,"Haas Patrick"
1720,"Häberle Andreas"
1721,"Habert Gillaume"
1722,"Haefele Alexander"
1723,"Hagedorn Frank"
1724,"Hägeli Martin"
1725,"Hagfeldt Anders"
1726,"Hahn Michael"
1727,"Hainard François"
1728,"Halbig Christoph"
1729,"Hall Alex"
1730,"Hall Marcus"
1731,"Haller Tobias"
1732,"Hammer Thomas"
1733,"Hammes Frederik"
1734,"Hänni Peter"
1735,"Hansen Dennis"
1736,"Hany Roland"
1737,"Hardegger Paul"
1738,"Hardtke Christian"
1739,"Härri Vinzenz"
1740,"Hartikainen Hanna"
1741,"Häseli Andreas"
1742,"Hassler Christel"
1743,"Hauck Christian"
1744,"Haug Gerald"
1745,"Haussener Sophia"
1746,"Hausser Yves"
1747,"Hebeisen Thomas"
1748,"Heeb Norbert"
1749,"Heim Thomas"
1750,"Heini Wernli"
1751,"Heinimann Hans Rudolf"
1752,"Heinrich Christoph A."
1753,"Heinze-Greenberg Ita"
1754,"Heiri Oliver"
1755,"Helbling Jürg"
1756,"Hellweg Stefanie"
1757,"Henryk Luka"
1758,"Hering Janet"
1759,"Herman Frédéric"
1760,"Hermann Jörg"
1761,"Herrmann Hans Jürgen"
1762,"Hersperger Anna"
1763,"Hertwig Stefan"
1764,"Herwegh Marco"
1765,"Herzig Hans Peter"
1766,"Herzog Felix"
1767,"Herzog Nicoleta"
1768,"Heselhaus Sebastian"
1769,"Hettich Peter"
1770,"Hiltbrunner Jürg"
1771,"Hilty Lorenz"
1772,"Hinz Hariet"
1773,"Hirt Ann"
1774,"Hischier Roland"
1775,"Hobi Martina"
1776,"Hochuli Andreas"
1777,"Hochuli Peter Andreas"
1778,"Hodgson Petra"
1779,"Hodler Roland"
1780,"Hoeckel Michael"
1781,"Hoelzle Martin"
1782,"Hof Christian"
1783,"Hoffmann Volker"
1784,"Hofmann Beda"
1785,"Hofmann Heike"
1786,"Hofstetter Thomas"
1787,"Högg Roman"
1789,"Holderegger Rolf"
1790,"Hollender Juliane"
1791,"Holliger Christof"
1792,"Holliger Eduard"
1794,"Holm Patricia"
1795,"Holzer Stefan"
1796,"Home Robert"
1797,"Hopf Nancy"
1798,"Hoppe Merja"
1799,"Horber-Papazian Katia"
1800,"Horenko Illia"
1801,"Hotz Benedict"
1803,"Hu Xile"
1804,"Huang Haosheng"
1805,"Huber Reto"
1806,"Hufty Marc"
1807,"Hug Gabriela"
1808,"Hug Stephan"
1809,"Huggel Christian"
1810,"Huggenberger Peter"
1811,"Hugi Christoph"
1812,"Hüglin Christoph"
1813,"Hungerbühler Konrad "
1814,"Hunkeler Daniel"
1815,"Hunziker Marcel"
1816,"Hurni Lorenz"
1817,"Ibelings Bastiaan"
1818,"Ijspeert Auke"
1819,"Ilya Karlin"
1820,"Imad Lifa"
1822,"Ingensand Jens"
1823,"Burgert Ingo"
1824,"Ingold Karin"
1825,"Iseli Regula"
1827,"Jaccard Samuel"
1828,"Jackson Andrew"
1829,"Jacob Koella"
1830,"Jacomet Stefanie"
1832,"Jakob Michaël"
1833,"Janssen Elisabeth"
1834,"Jarren Otfried"
1835,"Jeangros Bernard"
1836,"Jeanneret Yvan"
1837,"Jeannin Pierre-Yves"
1838,"Jeanrenaud Claude"
1841,"Jenni Lukas"
1842,"Jenny Patrick"
1843,"Jermini Mauro"
1844,"Johnson David Russel"
1845,"Jokela Jukka"
1846,"Jonas Tobias"
1847,"Jones Colin"
1848,"Joos Fortunat"
1849,"Jörg Hannes"
1850,"Joss Adriano"
1851,"Joyce Walter"
1852,"Julian Tim"
1853,"Junge Ranka"
1854,"Junghans Antje"
1855,"Junier Pilar"
1856,"Jürg Stettler"
1857,"Kaegi Ralf"
1858,"Kahmen Ansgar"
1859,"Kaiser Christian"
1860,"Kalia Yogeshvar"
1861,"Kamgarpour Maryam"
1862,"Kämpfer Niklaus"
1863,"Kanevski Mikhaïl"
1864,"Kaplan Jed"
1865,"Karn Susanne"
1866,"Kasser Michel"
1867,"Katrin Muff"
1868,"Kaufmann Vincent"
1869,"Kawecki Tadeusz J."
1870,"Keiler Margreth"
1871,"Keiser Andreas"
1872,"Keller Beat"
1873,"Keller Helen"
1874,"Keller Laurent"
1875,"Keller Lukas"
1876,"Keller Stefan"
1877,"Keller Thomas"
1878,"Kellerhals Markus"
1879,"Kenel Albin"
1880,"Kenis Marc"
1881,"Kessler Felix"
1884,"Kipfer Rolf"
1885,"Kirchner James W."
1886,"Kissling Edi"
1887,"Kistler Matthias"
1888,"Klaus Zuberbuehler"
1889,"Kleingries Mirko"
1890,"Klopfenstein Seraina"
1891,"Kneib Jean-Paul"
1892,"Knop Eva"
1893,"Knutti Reto"
1894,"Kober Tom"
1895,"Koebel Matthias"
1896,"Kohler Hans-Peter"
1897,"Kohn Tamar"
1898,"Kokko Hanna"
1899,"Kolar Johann Walter"
1900,"Koller Alfred"
1901,"König Barbara"
1902,"Konzelmann Thomas"
1903,"Korf Benedikt"
1904,"Kottler Christian"
1905,"Kozlowski Gregor"
1906,"Kramar Nicolas"
1907,"Krebs Walter"
1908,"Kreher Klaus"
1909,"Kretzschmar Ruben"
1911,"Kreuzer Michael"
1912,"Neuenschwander Stefan"
1913,"Kröcher Oliver"
1914,"Kröger Wolfgang"
1915,"Kropf Christian"
1916,"Krysiak Frank Cristian"
1917,"Küffer Christoph"
1918,"Kuhlemeier Cris"
1919,"Kuhlmann Ulrich"
1920,"Kuhn André"
1921,"Kuhn Nikolaus"
1922,"Kuhn-Nentwig Lucia"
1923,"Kull Christian"
1924,"Kulli Beatrice"
1925,"Küng Andreas"
1926,"Kunz Bruno"
1927,"Kunz Heike"
1928,"Kunz Rahel"
1929,"Künzli David Christine"
1930,"Kupper Thomas"
1931,"Kurath Stefan"
1932,"Kuster Niels"
1933,"Kytzia Susanne"
1935,"Lachal Bernard"
1936,"Lachat Thibault"
1937,"Laesser Christian"
1938,"Laferrière Francine"
1939,"Laloui Lyesse"
1940,"Lambiel Christophe"
1941,"Lampugnani Vittorio Magnago"
1942,"Lamunière Inès"
1943,"Lane Stuart"
1944,"Lanz Adrian"
1945,"Lanz Bruno"
1946,"Larsen Tove"
1947,"Lateltin Olivier"
1948,"Laube Patrick"
1949,"Laurenczy Gabor"
1950,"Laurent Lehmann"
1952,"Lebrenz Henning"
1953,"Lefort François"
1954,"Lehmann Anthony"
1955,"Lehmann Moritz"
1956,"Lehmann Robert"
1957,"Lehmann Therese"
1958,"Leiber Florian"
1959,"Leifeld Jens"
1960,"Leitao Joao Paulo"
1961,"Leuenberger Markus"
1962,"Leuthold Jürg"
1963,"Lever Mark"
1964,"Levine Jonathan"
1965,"Lévy Jacques"
1967,"Lienert Judit"
1968,"Lienhard Andreas"
1970,"Linder Peter "
1971,"Lindholm Anna"
1972,"Liniger Mark"
1973,"Lips Markus"
1974,"Lischke Heike"
1975,"Litman Jessica"
1976,"Logossou Martine"
1977,"Lohmann Ulrike"
1979,"Lopez-Molina Luis"
1980,"Lorenzetti Luigi"
1981,"Löw Simon"
1982,"Lüchinger Simon"
1983,"Ludwig Christian"
1984,"Luethi Christoph"
1985,"Luginbühl Thierry"
1986,"Lundsgaard-Hansen Bänz"
1987,"Lüscher Andreas"
1988,"Luster Jörg"
1989,"Luterbacher Jeremy"
1990,"Mäder Paul"
1991,"Maeder André"
1992,"Maffi Irene"
1993,"Maggioni Ludovic"
1994,"Mancktelow Neil"
1995,"Mann Stefan"
1996,"Manser Marta"
1997,"Månson Jan Anders"
1998,"Mantzaras Ioannis"
1999,"Marazzi Brigitte"
2000,"Maréchal François"
2001,"Margreth Stefan"
2002,"Maridet Olivier"
2004,"Marks Sara"
2005,"Markus Rüggeberg"
2006,"Martine Rahier"
2007,"Martini Rossana"
2008,"Martinoli Alcherio"
2009,"Marty Peter"
2010,"Mastropietro Roberto"
2011,"Mathieu Jon"
2012,"Mathis Heinz"
2013,"Mathys Alexander"
2014,"Mathys Nicole"
2015,"Matthews Blake"
2016,"Mauch Felix"
2017,"Maurer Hansruedi"
2019,"Maurer Max"
2020,"Maurer Veronika"
2021,"Mayer Heike"
2022,"Mayer Ingo"
2023,"Mazza Christian"
2024,"Mazzotti Marco"
2026,"McArdell Christa"
2027,"McDonald Bruce"
2028,"McNeill Kristopher
Kristopher"
2029,"Meier Bori"
2030,"Meier Jürg"
2031,"Meierhofer Regula"
2032,"Melian Carlos"
2033,"Mendez Monica"
2034,"Menti Urs-Peter"
2035,"Menz Myles"
2036,"Merminod Bertrand"
2037,"Messerli Peter"
2038,"Messmer Monika"
2040,"Metzger Susanne"
2041,"Meuli Reto Giulio"
2042,"Mevissen Meike"
2043,"Meyer Christian A."
2044,"Meyer Thierry"
2045,"Meyer Steiger Peter"
2046,"Meynet Georges"
2047,"Mezger Klaus"
2048,"Michaelowa Katharina"
2049,"Michel Jean-Bernard"
2050,"Milinkovitch Michel C."
2051,"Miller Stefhen A."
2052,"Mimra Wanda"
2053,"Minsch Jürg"
2054,"Mitchell Edward"
2055,"Mohn Joachim"
2056,"Mohri Yves"
2057,"Molinari Jean-François"
2058,"Molnar Peter"
2059,"Montoya-Burgos Juan"
2060,"Morari Manfred"
2061,"Morbidelli Massimo"
2062,"Morgenthaler Stephan"
2063,"Mosar Jon"
2064,"Moscariello Andrea"
2065,"Moschitz Heidrun"
2066,"Moser Jacques-E."
2067,"Mosig Juan R."
2069,"Mosler Hans-Joachim"
2070,"Motavalli Masoud"
2071,"Mueller Beat"
2072,"Mühlebach Roland"
2074,"Müller Andreas"
2075,"Müller Christoph"
2076,"Müller Christoph"
2077,"Müller Fritz"
2078,"Müller Priska"
2079,"Müller-Böker Ulrike"
2080,"Müller-Chen Markus"
2081,"Müller-Schärer Heinz"
2082,"Munish Chanana"
2083,"Muntwyler Urs"
2084,"Muttoni Aurelio"
2085,"Naciri Yamama"
2086,"Naef Andreas"
2087,"Nagel Peter"
2088,"Nagel Siegfried"
2089,"Nahrath Stéphane"
2090,"Narwani Anita Julianne Tricia"
2091,"Nawrath Christiane"
2092,"Nazeeruddin Mohammad Khaja"
2093,"Nebiker Stephan"
2095,"Nentwig Wolfgang"
2096,"Neubauer-Letsch Birgit"
2097,"Neuhaus Jean-Marc"
2098,"Neutsch Lukas"
2099,"Neuweiler Reto"
2101,"Nicolas Bueche"
2102,"Niederhauser Bernhard"
2104,"Niklaus Pascal A."
2105,"Noca Flavio"
2106,"Nordborg Henrik"
2107,"Norer Roland"
2109,"Nowack Bernd"
2110,"Nussbaum Christophe"
2111,"Nussbaumer Alain"
2112,"Nussbaumer Thomas"
2113,"Oehen Bernadette"
2115,"Oesch Thomas"
2116,"Oliver Kläusler"
2118,"Olschewski Roland"
2119,"Oppliger Anne"
2120,"Or Dani"
2121,"Oris Michel"
2122,"Ort Christoph"
2123,"Ortelli Luca"
2125,"Ott Peter"
2126,"Overney Philippe"
2127,"Ozgul Arpat"
2128,"Paglia Christian"
2129,"Palese Raoul"
2130,"Pannell John"
2131,"Paolone Mario"
2132,"Park Hyung Guy"
2134,"Parlow Eberhard"
2135,"Parriaux Aurèle"
2136,"Parrinello Michele"
2137,"Passeraub Philippe"
2138,"Pauli Bernhard"
2139,"Paulsen Theres"
2140,"Pauly Mark"
2141,"Paus Marguerite"
2142,"Pawlowski Jan Wojciech"
2143,"Payne Joshua L."
2144,"Peichel Catherine"
2145,"Pellet Didier"
2146,"Pellissier Loïc"
2147,"Pellizzari Michele"
2148,"Peña Jasquelin"
2149,"Pera Ibarguren Sebastian"
2150,"Perale Guiseppe"
2151,"Peretti-Pezzi Guilherme"
2152,"Pernthaler Jakob"
2153,"Perret Xavier"
2154,"Perriard Yves"
2155,"Perrin Nicolas"
2156,"Perrochet Pierre"
2157,"Perron Karl"
2158,"Petchey Owen"
2159,"Peter Thomas"
2160,"Peter-Egli Judith"
2161,"Petignat-Keller Sonia"
2162,"Petschek Peter"
2164,"Pfenniger Daniel"
2165,"Pfiffner Lukas"
2166,"Phillips Marcia"
2167,"Piantini Umberto"
2168,"Picasso Marco"
2169,"Piccapietra Flavio"
2170,"Pichelin Frédéric"
2171,"Pieles Uwe"
2172,"Piguet Etienne"
2173,"Plötze Michael"
2175,"Poirier Yves"
2176,"Pollini Paltrinieri Lucia"
2177,"Pomati Francesco"
2178,"Posch Thomas"
2179,"Postma Erik"
2180,"Poulikakos Dimos"
2181,"Poulikakos Lily"
2182,"Pozzoni Maurizio"
2183,"Prasianakis Nikolas"
2184,"Prévôt André"
2185,"Price Michelle"
2186,"Prina Howald Erika"
2187,"Probst-Hensch Nicole"
2188,"Pronk Wouter"
2189,"Psaltis Demetri"
2190,"Pulgarin César"
2191,"Puoti Alessandro"
2192,"Purtschert Roland"
2193,"Purves Ross"
2194,"Pütz Marco"
2195,"Putzu Roberto"
2196,"Puzrin Alexander"
2197,"Pythoud Frédéric"
2198,"Quarteroni Alfio"
2199,"Queen Wendy Lee"
2200,"Queloz Valentin"
2201,"Raab Christiane"
2202,"Rachidi-Haeri Fahrad"
2203,"Radenovic Aleksandra"
2204,"Raesaenen Katja"
2205,"Raible Christoph"
2207,"Ramseier Hans"
2208,"Raubal Martin"
2209,"Rausch Sebastian"
2210,"Reber Karl"
2211,"Rebetez Martine"
2212,"Redaelli Dario"
2213,"Reichert Peter"
2214,"Reidy Beat"
2215,"Reimann Stefan"
2216,"Reinhardt Didier"
2217,"Reinke Nils"
2218,"Renard Philippe"
2219,"Renaud Philippe"
2220,"Rentsch Doris"
2221,"Rentzel Philippe"
2222,"Rérat Patrick"
2223,"Reutlinger Christian"
2224,"Reymond Philippe"
2225,"Reynard Emmanuel"
2226,"Rhyner Hansueli"
2227,"Ribi Jean-Marc"
2228,"Richner Walter"
2229,"Rieckermann Jörg"
2230,"Rigling Daniel"
2231,"Rinaldo Andrea"
2232,"Ringli Christoph"
2233,"Risch Anita Christina"
2234,"Rivola Davide"
2235,"Robert Waterhouse"
2236,"Robert-Nicoud Frédéric"
2237,"Robertsson Johan O. A."
2238,"Robin Nicolas"
2239,"Robinson Christopher"
2240,"Robinson-Rechavi Marc"
2241,"Rodogno Davide"
2242,"Roethlisberger Ursula"
2243,"Rohr Christian"
2244,"Rohr Rudolph P."
2245,"Rohrer Jürg"
2246,"Romeis Jörg"
2247,"Römer Neria"
2248,"Romy Isabelle"
2249,"Röösli Martin"
2250,"Rösgen Thomas"
2251,"Rosset Christian"
2252,"Rösti Johannes"
2253,"Rotach Peter"
2254,"Rothacher Markus"
2255,"Roulin Alexandre"
2257,"Ruegg Jean"
2258,"Rufer Alfred"
2259,"Ruffieux Dominique"
2260,"Rupf Reto"
2261,"Ryter Marco"
2262,"Salamin Nicolas"
2263,"Sanders Ian"
2264,"Sandi Carmen"
2265,"Sansavini Giovanni"
2266,"Sari Osmann"
2267,"Sartori Michel"
2268,"Scartezzini Jean-Louis"
2269,"Schaber Peter"
2270,"Schader Christian"
2271,"Schaepman Michael"
2272,"Schaepman-Strub Gabriela"
2274,"Schaerer Santiago"
2275,"Schaerli Yolanda"
2276,"Schäfer Mike"
2277,"Schaffner Urs"
2278,"Schaltegger Christoph"
2279,"Schaltegger Urs"
2280,"Schaltenbrand Hans"
2281,"Schär Christoph"
2282,"Schär Primo"
2283,"Schaub Marcus"
2284,"Schegg Roland"
2285,"Scheidegger Christoph"
2286,"Schenk Kurt"
2287,"Scherwey Roland"
2288,"Schiestl Florian"
2289,"Schindler Benjamin"
2290,"Schindler Christian"
2291,"Schindler Konrad"
2292,"Schirmer Kristin"
2293,"Schirmer Mario"
2294,"Schittny Johannes"
2295,"Schleiss Anton"
2296,"Schlumbaum Angela"
2297,"Schlunegger Fritz"
2298,"Schmalholz Stefan"
2299,"Schmassmann Emanuel"
2300,"Schmeiser Hato"
2301,"Schmid Bernhard"
2302,"Schmid Christian"
2303,"Schmid Martin"
2304,"Schmid Sergio"
2305,"Schmid-Hempel Paul"
2306,"Schmidhuber Jürgen"
2307,"Schmidt Benedikt R."
2308,"Schmidt Hans-Peter"
2309,"Schmidt Max W."
2310,"Schmidt Michael W.I."
2311,"Schmutzler Armin"
2312,"Schneebeli Martin"
2313,"Schneider Andreas"
2314,"Schneider Gerhard"
2315,"Schneider Hansruedi"
2316,"Schneider-Sliwa Rita"
2317,"Schnyder Norbert"
2318,"Schöb Christian"
2319,"Scholl Bernd"
2320,"Schönbächler Maria"
2321,"Schori Arnold"
2322,"Schubert Carsten"
2323,"Schubert Renate"
2324,"Schubiger Franz"
2325,"Schuler Harald"
2326,"Schulin Rainer"
2327,"Schulthess Thomas"
2328,"Schulz Peter J."
2329,"Schuwirth Nele"
2330,"Schwander Tanja"
2331,"Schwarze Francis"
2332,"Schwehr Peter"
2334,"Schwierz Cornelia"
2335,"Schwikowski Margit"
2336,"Sebastian Kiewnick"
2337,"Seehausen Ole"
2338,"Segner Helmut"
2339,"Seibert Jan"
2340,"Seiberth Christoph"
2342,"Seifert Ralf"
2343,"Seneviratne Sonia"
2344,"Senn Beatrice"
2345,"Seppälä Otto"
2346,"Sergio Rasmann"
2347,"Serneels Vincent"
2348,"Shaposhnikov Mikhail"
2349,"Shea Herbert"
2350,"Shimizu Kentaro K."
2351,"Siegl Walter"
2352,"Siegrist Michael "
2353,"Siegwolf Rofl"
2354,"Siluva Kevin"
2355,"Simond Jean-Jacques"
2356,"Simos Jean"
2357,"Simos-Rapin Béatrice"
2359,"Singer Heinz"
2360,"Six Johan"
2361,"Skrivervik Anja"
2362,"Slaveykova Vera"
2363,"Smit Berend"
2364,"Smith Ian"
2365,"Söderström Ola"
2366,"Soguel Nils"
2367,"Soltic Patrik"
2368,"Spaak Piet"
2369,"Speerli Jürg"
2370,"Speiser Bernhard"
2371,"Spezzaferri Silvia"
2372,"Spielvogel Sandra"
2374,"Sprecher Simon"
2375,"Spring Jean-Laurent"
2376,"Spring Peter"
2377,"Springman Sarah M."
2378,"Spycher Ben"
2379,"Stadtlander Timo"
2380,"Stahel Walter R."
2381,"Stähli Fridolin"
2382,"Stähli Roland"
2383,"Stamm Christian"
2384,"Stampfli Andreas"
2385,"Staszak Jean-François"
2386,"Stauffacher Michael"
2387,"Stauffer Fred"
2388,"Stefan Vonlanthen"
2389,"Steinbacher Martin"
2390,"Steiner Philippe"
2391,"Steinfeld Aldo"
2392,"Steinger Thomas"
2393,"Stock Mathis"
2394,"Stockar Rudolf"
2395,"Stocker Roman"
2396,"Stocker Thomas"
2397,"Stofer Silvia"
2398,"Stoffel Markus"
2399,"Stoffel Walter"
2400,"Stohner Jürgen"
2401,"Stojadinovic Bozidar"
2402,"Stoll Heather"
2403,"Stoll Jean-Marc"
2404,"Stoll Serge"
2405,"Stolz Hanna"
2406,"Stolz Martin"
2407,"Stolze Matthias"
2408,"Strande Linda"
2409,"Streit Bernhard"
2410,"Stucki Thomas"
2411,"Studer Bruno"
2412,"Stürwald Simone"
2413,"Suarez Guillaume"
2414,"Südmeyer Thomas"
2415,"Süss Daniel"
2417,"Suter Christian"
2418,"Suter Marc"
2419,"Szidat Sönke"
2420,"Szövényi Péter"
2421,"Taborsky Michael"
2422,"Tackley Paul"
2423,"Tadele Zerihun"
2424,"Tajcmanová Lucie"
2425,"Tamm Lucius"
2426,"Tausendpfund Doris"
2427,"Tereza Cahlikova"
2428,"Teruzzi Tiziano"
2429,"Thalmann Philippe"
2430,"Thees Oliver"
2431,"Theurillat Jean-Paul"
2433,"Thoenig Mathias"
2434,"Thömen Heiko"
2435,"Thonar Cécile"
2436,"Thürig Esther"
2437,"Thüring Basil"
2438,"Thurnherr Daniela"
2439,"Tillenkamp Frank"
2440,"Tinner Willy"
2441,"Tiwari Ayodhya"
2442,"Tonolla Mauro"
2443,"Touzé Thomas"
2444,"Townsend Simon William"
2446,"Truffer Bernhard"
2448,"Tschannen Pierre"
2449,"Tschirren Barbara"
2450,"Tucci Christopher L."
2451,"Turlings Ted C. J."
2452,"Tzieropoulos Panagiotis"
2453,"Udert Kai"
2454,"Udry Stéphane"
2455,"Uehlinger Urs"
2456,"Ulbrich Susanne E."
2457,"Ullrich Johannes"
2458,"Ulmer Peter"
2459,"Umstätter Christina"
2460,"Utzinger Jürg"
2462,"Valley Benoît"
2463,"Valsangiacomo Claudio"
2464,"van Buskirk Josh"
2465,"Van der Heijden Marcel"
2467,"Van Herle Jan"
2468,"Van Herwijnen Alec"
2469,"Van Loon Luc"
2470,"van Meerveld Ilja"
2471,"Vance Derek"
2472,"Vancheri Alberto"
2473,"Vandermeer Jan Roelof"
2474,"Varone Fréderic"
2475,"Vasilatou Konstantina"
2476,"Vasilyan Davit"
2477,"Vatter Adrian"
2478,"Veit Heinz"
2479,"Velicer Gregory"
2480,"Vennemann Torsten"
2481,"Véron René"
2482,"Verrecchia Eric"
2484,"Vezzini Andrea"
2485,"Villez Kris"
2486,"Viviani Marco"
2487,"Voegelin Andreas"
2488,"Vogel Frédéric"
2489,"Vogelgsang Susanne"
2490,"Vogt Günther"
2491,"Voinnet Olivier"
2492,"Volkmer Thomas"
2493,"vom Berg Colette"
2494,"Von Ah Ueli"
2495,"von Arx Georg"
2496,"von Gunten Urs"
2497,"Vonlanthen Pierre"
2498,"Voordouw Maarten"
2499,"Vorburger Christoph"
2500,"Vorholt Julia"
2501,"Wagner Andreas"
2502,"Wagner Christian"
2503,"Waldmann Bernhard"
2504,"Walter Achim"
2505,"Walter Stefanie"
2506,"Wang Jing"
2507,"Wastl-Walter Doris"
2508,"Weber Nicolas"
2509,"Weber Robert"
2510,"Weber Sylvain"
2511,"Wedekind Claus"
2512,"Wehrli Bernhard"
2513,"Weibel Robert"
2514,"Weinand Yves"
2515,"Weingartner Rolf"
2516,"Weismantel Robert"
2517,"Weisskopf Laure"
2518,"Weisskopf Peter"
2519,"Wellig Beat"
2520,"Wenger Andreas"
2521,"Wermelinger Beat"
2522,"Werner Inge"
2523,"Werner Siegrist"
2525,"Widmer Alex"
2526,"Widmer Alexandre"
2527,"Widmer Franco"
2528,"Wieckert Christian"
2529,"Wieland Erich"
2530,"Wiemer Stefan"
2531,"Wiesenberg Guido L. B."
2532,"Wildi Walter"
2533,"Willet Sean"
2534,"Willi Yvonne"
2535,"Winkel Lenny"
2536,"Winkler Ralph"
2537,"Winkler Wilfried"
2538,"Wintgens Thomas"
2539,"Wirth Judith"
2540,"Wirz Christian"
2541,"Wittkopf Stephen"
2542,"Wohlgemuth Thomas"
2543,"Wolf Martin"
2544,"Wolfender Jean-Luc"
2545,"Wolfer David Paul"
2546,"Wueest Alfred"
2547,"Wunderle Stefan"
2548,"Wunderli Jean-Marc"
2549,"Wüst Samuel"
2550,"Wüstenhagen Rolf"
2551,"Wyler Nicolas"
2552,"Yang Hong"
2553,"Yeretzian Chahan"
2554,"Zanini Stefano"
2555,"Zanoni Reto"
2556,"Zappa Massimiliano"
2557,"Zbinden Karin"
2558,"Zeeman Samuel C."
2560,"Zellweger Christoph"
2561,"Zemp Armin"
2562,"Zemp-Stutz Elisabeth"
2563,"Zenklusen Rico"
2564,"Zhao Jian"
2565,"Ziesak Martin"
2566,"Zimmermann Tanja"
2567,"Zipper Christian"
2568,"Zufferey Jean-Baptiste"
2569,"Zumbach Silvia"
2570,"Zupanic Anze"
2571,"Zurbrügg Christian"
2572,"Zurich Fontanellaz Marie-Gabrielle"
2573,"Züttel Andreas"
2574,"Zweibrücken Klaus"
2575,"Zwicky Daia"
